"","Country Name","Country Code","Continent","year","Pop","Pop.fe","Pop.ma","birthrate","deathrate","lifeexp","lifeexp.fe","lifeexp.ma","ed.spend","ed.years","labour","lit.rate.per","co2","gdp","unemp","unemp.fe","unemp.ma","health.exp","medbeds","surg.pro","nurse.midwi"
"1","Afghanistan","AFG","Asia",1999,20170844,9784257,10386587,48.419,12.037,55.376,56.645,54.21,NA,6,4906827,NA,821.408,NA,NA,NA,NA,NA,NA,NA,NA
"2","Albania","ALB","Europe",1999,3108778,1543050,1565728,17.321,5.983,73.587,76.616,70.797,3.59293,8,1330854,NA,2984.938,3212119044.17089,18.3999996185303,21.3999996185303,16.3999996185303,NA,3.0299999714,NA,4.0766
"3","Algeria","DZA","Africa",1999,30623406,15103751,15519655,20.175,5.05,70.183,71.638,68.78,NA,10,8670493,NA,92045.367,48639108360.6213,NA,NA,NA,NA,NA,NA,NA
"4","American Samoa","ASM","Oceania",1999,57053,NA,NA,NA,NA,NA,NA,NA,NA,NA,NA,NA,NA,NA,NA,NA,NA,NA,NA,NA,NA
"5","Andorra","AND","Europe",1999,64370,NA,NA,12.6,NA,NA,NA,NA,NA,10,NA,NA,513.38,1239876305.13531,NA,NA,NA,NA,3.2000000477,NA,3.1677
"6","Angola","AGO","Africa",1999,15866869,7969815,7897054,48.293,18.404,46.093,48.265,44.074,NA,4,6486187,NA,9156.499,6152922942.98032,NA,NA,NA,NA,NA,NA,NA
"7","Antigua and Barbuda","ATG","North America",1999,74674,39545,35129,19.943,6.328,73.705,75.15,72.167,2.75397,11,NA,NA,330.03,766198925.925926,NA,NA,NA,NA,NA,NA,3.1191
"8","Arab World","ARB","Aggregated Nations",1999,276393837,135454021,140939816,29.1436814075019,6.54340160406326,67.517688947424,69.428716732824,65.7336574755568,NA,9,80583510,64.17577,919932.956,644169176424.574,NA,NA,NA,NA,NA,NA,NA
"9","Argentina","ARG","South America",1999,36467218,18763440,17703778,19.702,7.862,73.396,76.808,69.948,4.52168,10,16082632,NA,146984.361,2.83523e+11,14.0500001907349,15.1800003051758,13.2799997329712,NA,NA,NA,NA
"10","Armenia","ARM","Asia",1999,3089022,1638219,1450803,13.062,8.583,70.944,74.07,67.579,2.23519,10,1222890,NA,3014.274,1845482181.44801,11.1999998092651,15,7.59999990463257,NA,6.1999998093,NA,NA
"11","Aruba","ABW","South America",1999,89005,45856,43149,14.615,6.934,73.738,76.221,71.259,4.39554,NA,NA,NA,1807.831,1722798882.68156,NA,NA,NA,NA,NA,NA,NA
"12","Australia","AUS","Oceania",1999,18926000,9489571,9436429,13.1,6.8,78.9317073170732,81.8,76.2,NA,10,9417078,NA,325343.574,388608221581.652,6.87230014801025,6.65840005874634,7.03709983825684,NA,7.9000000954,NA,NA
"13","Austria","AUT","Europe",1999,7992324,4116125,3876199,9.8,9.8,77.8756097560976,81,74.9,6.11234,9,3888031,NA,61869.624,217185787342.851,4.69770002365112,4.75559997558594,4.65229988098145,NA,8.8999996185,NA,5.5684
"14","Azerbaijan","AZE","Asia",1999,7982750,4082757,3899993,14.7,5.8,66.491,69.797,63.184,4.21214,9,3439523,98.7918,28576.931,4581246713.32066,16.25,18.6299991607666,14.1899995803833,NA,8.8999996185,NA,8.8796
"15","Bahamas, The","BHS","North America",1999,294062,150495,143567,18.532,5.757,71.858,75.196,68.485,NA,12,154591,NA,1675.819,7683870000,7.44999980926514,9.72000026702881,6.03000020980835,NA,NA,NA,NA
"16","Bahrain","BHR","Asia",1999,636541,272674,363867,22.271,2.901,74.239,75.258,73.452,NA,NA,291226,NA,18019.638,6621010372.34043,NA,NA,NA,NA,NA,NA,NA
"17","Bangladesh","BGD","Asia",1999,125189651,60836452,64353199,28.158,7.082,64.881,65.359,64.456,2.13282,5,45155414,NA,25236.294,51270569883.5275,NA,NA,NA,NA,0.3000000119,NA,NA
"18","Barbados","BRB","North America",1999,270451,140477,129974,14.095,7.51,76.933,78.76,74.988,4.25458,11,144799,NA,1210.11,3012081738.17929,10.6099996566772,13.4099998474121,7.8899998664856,NA,NA,NA,3.7
"19","Belarus","BLR","Europe",1999,10026738,5319112,4707626,9.3,14.2,67.9073170731707,73.9,62.2,6.00001,9,4759854,99.59073,56112.434,12138486532.0203,2.09999990463257,2.59999990463257,1.60000002384186,NA,12.6400003433,NA,9.6499
"20","Belgium","BEL","Europe",1999,10226419,5219839,5006580,11.2,10.3,77.619512195122,81,74.4,NA,12,4367000,NA,114260.053,258158533986.789,8.64859962463379,10.2135000228882,7.47240018844604,NA,7.0999999046,NA,NA
"21","Belize","BLZ","North America",1999,238988,118650,120338,30.431,5.953,68.734,71.635,66.131,5.44344,8,85313,NA,348.365,732732350,12.8400001525879,20.3299999237061,9,NA,NA,NA,NA
"22","Benin","BEN","Africa",1999,6664098,3384290,3279808,42.76,12.884,55.218,56.854,53.499,2.62665,6,2639937,NA,1562.142,3676045652.8197,NA,NA,NA,NA,NA,NA,NA
"23","Bermuda","BMU","North America",1999,61285,NA,NA,NA,NA,NA,NA,NA,NA,13,NA,NA,513.38,3324433000,NA,NA,NA,NA,NA,NA,NA
"24","Bhutan","BTN","Asia",1999,577881,282921,294960,28.17,9.256,59.974,60.19,59.742,NA,NA,235928,NA,385.035,419035810.496981,1.39999997615814,1.60000002384186,1.20000004768372,NA,1.6000000238,NA,NA
"25","Bolivia","BOL","South America",1999,8257066,4103291,4153775,30.823,9.676,61.835,63.731,60.016,NA,8,3623057,NA,10443.616,8285075872.27307,3.9300000667572,4.59000015258789,3.38000011444092,NA,NA,NA,NA
"26","Bosnia and Herzegovina","BIH","Europe",1999,3743354,1906473,1836881,11.546,8.289,74.05,76.581,71.352,NA,8,1329864,NA,10377.61,4685733115.46841,NA,NA,NA,NA,3.7999999523,NA,4.5141
"27","Botswana","BWA","Africa",1999,1610264,831781,778483,29.498,13.11,51.214,53.972,48.657,NA,NA,578755,NA,3160.954,5484257417.17845,NA,NA,NA,NA,NA,NA,3.1
"28","Brazil","BRA","South America",1999,172318675,86926089,85392586,20.654,6.233,69.769,73.636,66.1,3.80062,8,76474668,NA,320173.104,599388579985.673,10.2082996368408,13.2489995956421,8.14990043640137,NA,NA,NA,2.5418
"29","British Virgin Islands","VGB","North America",1999,20026,NA,NA,NA,NA,NA,NA,NA,NA,12,NA,NA,102.676,NA,NA,NA,NA,NA,NA,NA,NA
"30","Brunei Darussalam","BRN","Asia",1999,326210,160333,165877,23.269,3.593,72.538,73.935,71.383,4.93205,NA,151413,NA,3909.022,4.6e+09,NA,NA,NA,NA,NA,NA,NA
"31","Bulgaria","BGR","Europe",1999,8210624,4206651,4003973,8.8,13.6,71.4121951219512,75.1,67.9,NA,9,3513739,NA,43981.998,13531969309.4629,14.1000003814697,14.1000003814697,14,NA,7.4899997711,NA,6.2906
"32","Burkina Faso","BFA","Africa",1999,11282701,5744499,5538202,46.442,15.828,50.168,51.461,48.727,NA,10,4696216,NA,931.418,2993753187.09677,NA,NA,NA,NA,NA,NA,NA
"33","Burundi","BDI","Africa",1999,6267124,3193513,3073611,43.274,15.583,48.339,49.838,46.788,3.41745,NA,2629302,NA,253.023,808077223.365746,14,13.1999998092651,15,NA,NA,NA,NA
"34","Cabo Verde","CPV","Africa",1999,420452,218288,202164,28.581,6.454,68.041,70.683,65.046,6.80168,6,140816,NA,183.35,592416703.058878,NA,NA,NA,NA,NA,NA,NA
"35","Cambodia","KHM","Asia",1999,11886458,6108953,5777505,28.989,9.863,57.604,59.805,55.361,NA,NA,5422148,NA,1895.839,3517242477.2285,NA,NA,NA,NA,NA,NA,NA
"36","Cameroon","CMR","Africa",1999,15112592,7590731,7521861,41.576,14.669,50.878,52.495,49.304,NA,6,6812480,NA,3080.28,11198378749.4719,NA,NA,NA,NA,NA,NA,NA
"37","Canada","CAN","North America",1999,30401286,15344448,15056838,11.2,7.2,78.8853658536585,81.6,76.3,5.54994,10,15934261,NA,515389.516,676084000807.7,7.58309984207153,7.29330015182495,7.8274998664856,NA,3.9000000954,NA,NA
"38","Caribbean small states","CSS","North America",1999,6468476,3198548,3156479,20.8507637125696,6.9074204724858,71.3102709815395,73.42088530577,69.2822188964349,2.75612,6,2702010,86.98089,40813.71,31872310302.3419,14.0818657528949,19.6115768786284,9.99081973901313,NA,NA,NA,NA
"39","Cayman Islands","CYM","North America",1999,40420,NA,NA,15.4871794871795,3.28205128205128,NA,NA,NA,NA,12,NA,NA,429.039,NA,NA,NA,NA,NA,NA,NA,NA
"40","Central African Republic","CAF","Africa",1999,3558014,1804000,1754014,41.378,19.093,44.461,46.092,42.88,1.69002,10,1458439,NA,264.024,999477510.686632,NA,NA,NA,NA,NA,NA,NA
"41","Central Europe and the Baltics","CEB","Aggregated Nations",1999,109060951,56239007,52821944,9.71222388937357,11.2557640956203,72.1845610740875,76.3548606297405,68.2236268294101,4.579165,9,50855821,98.47383,730323.387,433961511913.474,10.3840613044292,10.4242644417062,10.1018145879597,NA,6.61653067869634,NA,NA
"42","Chad","TCD","Africa",1999,8053536,4046217,4007319,51.112,17.873,47.657,48.856,46.473,3.22786,6,2982566,NA,161.348,1534673583.2487,NA,NA,NA,NA,NA,NA,0.0596
"43","Channel Islands","CHI","Europe",1999,147555,75780,71775,12.339,9.081,78.742,81.068,76.284,NA,NA,72385,NA,NA,6262740656.85164,NA,NA,NA,NA,NA,NA,NA
"44","Chile","CHL","South America",1999,15162800,7703458,7459342,17.112,5.332,76.092,79.089,72.963,3.72922,8,6239824,NA,61502.924,75173794497.0321,11.1579999923706,13.1009998321533,10.1429996490479,NA,NA,NA,NA
"45","China","CHN","Asia",1999,1252735000,610004104,642730896,14.64,6.46,71.063,73.141,69.207,1.88804,9,725942229,NA,3318055.614,1093997267271.06,3.09999990463257,NA,NA,NA,2.5199999809,NA,0.9662
"46","Colombia","COL","South America",1999,38999471,19875546,19123925,22.803,5.231,72.619,76.03,69.215,4.4408,10,17693169,NA,56512.137,86186158684.7685,20.0599994659424,23.3099994659424,17.2299995422363,NA,NA,NA,0.537
"47","Comoros","COM","Africa",1999,528848,262865,265983,37.806,9.563,59.388,60.975,57.833,NA,6,124510,NA,91.675,382454989.945311,NA,NA,NA,NA,NA,NA,NA
"48","Congo, Dem. Rep.","COD","Africa",1999,45919613,23157970,22761643,45.996,16.288,49.557,50.991,48.114,NA,6,17874557,NA,1382.459,4711259427.27273,NA,NA,NA,NA,NA,NA,NA
"49","Congo, Rep.","COG","Africa",1999,3038433,1540144,1498289,38.5,12.995,51.925,53.393,50.388,NA,10,1193438,NA,821.408,2353909563.94122,NA,NA,NA,NA,NA,NA,NA
"50","Costa Rica","CRI","North America",1999,3885430,1934771,1950659,20.088,3.933,77.293,79.685,74.959,5.41687,11,1609637,NA,5522.502,14195623342.9011,5.89499998092651,7.85799980163574,4.8439998626709,NA,NA,NA,NA
"51","Cote d'Ivoire","CIV","Africa",1999,16032573,7758050,8274523,41.315,14.858,49.891,51.765,48.341,4.09433,10,5933629,NA,6266.903,12376639822.9265,NA,NA,NA,NA,NA,NA,NA
"52","Croatia","HRV","Europe",1999,4512597,2338795,2173802,10,11.5,72.6419512195122,76.55,68.92,NA,8,2007456,NA,19992.484,23400480897.6757,13.5588998794556,NA,NA,NA,5.9299998283,NA,4.8712
"53","Cuba","CUB","North America",1999,11084670,5555565,5529105,13.365,7.156,76.475,78.49,74.538,6.75524,9,4500514,NA,25331.636,28364615200,6.26000022888184,9.64000034332275,4.28999996185303,NA,NA,NA,NA
"54","Curacao","CUW","South America",1999,139428,73898,65530,NA,NA,NA,NA,NA,NA,9,NA,NA,NA,NA,NA,NA,NA,NA,NA,NA,NA
"55","Cyprus","CYP","Europe",1999,926046,459548,466498,13.731,6.865,77.875,79.967,75.803,4.77208,9,431777,NA,6376.913,10497908306.3646,5.69999980926514,7.90000009536743,4.30000019073486,NA,NA,NA,3.1857
"56","Czech Republic","CZE","Europe",1999,10283860,5281796,5002064,8.7,10.7,74.6682926829268,78.1,71.4,3.68481,NA,5184158,NA,111975.512,64867483193.1315,8.48910045623779,10.1211004257202,7.16900014877319,NA,NA,NA,7.812
"57","Denmark","DNK","Europe",1999,5321799,2689192,2632607,12.4,11.1,76.3414634146341,78.8,74,7.93116,9,2878840,NA,55148.013,177965188354.692,5.1414999961853,5.8983998298645,4.48530006408691,NA,4.3000001907,NA,9.3575
"58","Djibouti","DJI","Africa",1999,699975,347725,352250,32.206,10.266,56.992,58.621,55.42,7.62948,NA,254926,NA,315.362,536080148.097299,NA,NA,NA,NA,NA,NA,0.7043
"59","Dominica","DMA","North America",1999,69835,NA,NA,NA,NA,NA,NA,NA,4.02858,12,NA,NA,80.674,331759000,15.6700000762939,19.4200000762939,13.0699996948242,NA,NA,NA,NA
"60","Dominican Republic","DOM","North America",1999,8343283,4163183,4180100,25.211,6.137,69.175,72.192,66.436,NA,9,3209348,NA,18562.354,22137599986.1056,NA,NA,NA,NA,NA,NA,NA
"61","Early-demographic dividend","EAR","Aggregated Nations",1999,2428682278,1190622834,1238059444,27.1355477121233,8.12924227894658,64.068894698629,65.5870542791135,62.6513522547234,4.11037,9,917051571,67.57348,4080692.605,3038482699006.81,NA,NA,NA,NA,NA,NA,NA
"62","East Asia & Pacific","EAS","Aggregated Nations",1999,2028650274,999999775,1028448816,16.2487113301028,6.67736214364627,70.8551711975263,73.2539223715515,68.6411893963229,NA,9,1102374853,89.79081,6313362.34652766,7655403229007.96,3.78138211729602,NA,NA,NA,3.7006778361322,NA,NA
"63","East Asia & Pacific (excluding high income)","EAP","Aggregated Nations",1999,1798649990,884157446,914365273,16.9366350528279,6.65828513477936,69.8360672330572,72.0896868665572,67.7639623568622,NA,8.5,984863632,90.02454,4049087.37109915,1576379271881.96,3.61258829731946,NA,NA,NA,2.5048830581539,NA,NA
"64","East Asia & Pacific (IDA & IBRD countries)","TEA","Aggregated Nations",1999,1775880231,872506967,903284270,16.9175312815742,6.62653388579349,69.9020157498698,72.1381803378689,67.8527537653412,NA,8,971033240,89.89668,3984699.93861732,1573129462119.11,3.61258829731946,NA,NA,NA,2.5048830581539,NA,NA
"65","Ecuador","ECU","South America",1999,12442115,6195760,6246355,26.022,5.241,72.425,75.318,69.681,1.54734,10,5459641,NA,21495.954,19645272636.3182,13.960000038147,19.25,10.2600002288818,NA,NA,NA,1.653
"66","Egypt, Arab Rep.","EGY","Africa",1999,67515591,33529872,33985719,26.381,6.628,68.357,70.814,65.991,NA,9,19569644,NA,125393.065,90710704806.8416,7.94999980926514,19.2600002288818,4.94000005722046,NA,NA,NA,NA
"67","El Salvador","SLV","North America",1999,5844846,3024622,2820224,25.843,6.813,68.581,73.081,64.089,2.56261,9,2286724,NA,5698.518,11284197000,6.67999982833862,4.44999980926514,8.14999961853027,NA,NA,NA,0.6755
"68","Equatorial Guinea","GNQ","Africa",1999,581770,281429,300341,41.28,13.991,52.93,54.307,51.638,NA,5,202398,NA,465.709,621117885.668503,NA,NA,NA,NA,NA,NA,NA
"69","Eritrea","ERI","Africa",1999,2237405,1124143,1113262,32.187,11.847,54.707,56.576,52.908,4.56803,NA,945005,NA,619.723,688921325.712043,NA,NA,NA,NA,NA,NA,NA
"70","Estonia","EST","Europe",1999,1390244,742625,647619,9,13.4,70.0634146341463,75.8,64.6,6.68736,9,673734,NA,15159.378,5762048126.06474,11.5731000900269,10.1465997695923,12.924599647522,NA,7.5300002098,NA,6.3307
"71","Eswatini","SWZ","Africa",1999,994108,516062,478046,32.669,13.687,49.424,52.795,46.228,5.09095,NA,285590,NA,1239.446,1547884442.26205,NA,NA,NA,NA,NA,NA,NA
"72","Ethiopia","ETH","Africa",1999,64343013,32263005,32080008,44.454,14.517,51.366,52.806,49.984,NA,8,27488669,NA,3157.287,7700833482.00615,3.71370005607605,5.06180000305176,2.72049999237061,NA,NA,NA,NA
"73","Euro area","EMU","Aggregated Nations",1999,320258898,164362831,155896067,10.4727684238331,9.74116757652117,78.0212365263314,81.4011119407891,74.8095552493573,4.784355,9.5,146896745,NA,2618685.374,7113968959063.5,10.4377802444024,12.6363473128573,8.79299218817479,NA,6.87948900697098,NA,NA
"74","Europe & Central Asia","ECS","Aggregated Nations",1999,860318191,443615391,414575606,11.6265419626812,10.7744316766733,72.8717237847178,76.9760460290307,69.026476971942,4.507,9,393942762,96.46464,6506503.61656134,10655495547521.6,10.3760653123257,11.1893087774437,9.45478027263967,NA,7.09480075197197,NA,NA
"75","Europe & Central Asia (excluding high income)","ECA","Aggregated Nations",1999,391494440,203184771,186547669,12.8736330057442,11.6556981600043,67.4917677331655,72.5713041250736,62.6976609782774,3.61808,9,175612053,96.77288,2655558.8347506,626844160435.184,11.4681847070107,11.6066795438256,11.1836475745888,NA,8.07479136282556,NA,NA
"76","Europe & Central Asia (IDA & IBRD countries)","TEC","Aggregated Nations",1999,434667308,225406699,207498609,12.5793182432053,11.4979260698389,68.0487163379205,73.0555907360428,63.3262853528787,3.755325,9,194785388,96.96655,2991556.59549151,820023796411.018,11.5698079508039,11.7939990642357,11.2256734438748,NA,7.77812952995332,NA,NA
"77","European Union","EUU","Aggregated Nations",1999,428815493,220073666,208741827,10.3215639648682,10.1171149681152,76.7485819817053,80.2496277412673,73.4223020478498,4.60029,9,198151757,NA,3896092.158,7920770837787.28,10.1780265885049,11.7946552390729,8.86325167852311,NA,6.66926894726598,NA,NA
"78","Faroe Islands","FRO","Europe",1999,46436,NA,NA,13.9,8.9,78.2804878048781,81.2,75.5,NA,NA,NA,NA,630.724,1120280381.86979,NA,NA,NA,NA,NA,NA,NA
"79","Fiji","FJI","Oceania",1999,806303,396804,409499,25.107,6.917,65.512,67.343,63.81,5.15351,NA,301413,NA,784.738,1942170999.18765,NA,NA,NA,NA,2.6,NA,1.9546
"80","Finland","FIN","Europe",1999,5165474,2645100,2520374,11.1,9.6,77.2912195121951,81.02,73.74,5.86961,9,2566222,NA,55423.038,135218410398.466,11.6933002471924,12.4430999755859,11.0020999908447,NA,7.5999999046,NA,15.0208
"81","Fragile and conflict affected situations","FCS","Aggregated Nations",1999,469945426,234234779,233888878,39.3476470843311,13.3048631798286,54.4790720087705,56.1314814364096,52.8008573505962,NA,6.5,167808243,61.79219,257411.903624418,341936005343.757,NA,NA,NA,NA,NA,NA,NA
"82","France","FRA","Europe",1999,60496718,31140705,29356013,12.9,9.1,78.7560975609756,82.7,75,5.67414,10,27159264,NA,368918.535,1492647560196.04,11.9807996749878,13.9005002975464,10.3535995483398,NA,8.3000001907,NA,6.424
"83","French Polynesia","PYF","Oceania",1999,236221,114504,121717,20.687,4.811,71.946,74.891,69.429,NA,NA,94532,NA,495.045,3797016068.69688,NA,NA,NA,NA,NA,NA,NA
"84","Gabon","GAB","Africa",1999,1199052,604204,594848,33.751,11.52,58.646,59.734,57.498,3.08123,10,329944,NA,4807.437,4662992036.2073,NA,NA,NA,NA,NA,NA,NA
"85","Gambia, The","GMB","Africa",1999,1277133,640515,636618,43.061,11.545,55.547,56.771,54.427,1.56513,9,395351,NA,231.021,814723460.08372,NA,NA,NA,NA,NA,NA,NA
"86","Georgia","GEO","Asia",1999,4157192,2184417,1972775,12.376,11.537,69.756,73.495,65.88,2.15517,6,2149594,NA,4345.395,2800026339.12617,13.8000001907349,12.1599998474121,15.3199996948242,NA,5.6900000572,NA,4.9999
"87","Germany","DEU","Europe",1999,82100243,42151293,39948950,9.4,10.3,77.7268292682927,80.8,74.8,NA,13,40291759,NA,822460.429,2194204133816.32,8.85499954223633,9.23530006408691,8.55939960479736,NA,9.1999998093,NA,NA
"88","Ghana","GHA","Africa",1999,18812359,9318365,9493994,36.126,10.453,56.972,57.749,56.182,4.11037,9,8067162,NA,6549.262,7719354838.70968,10.1000003814697,10.6999998092651,9.39999961853027,NA,NA,NA,NA
"89","Gibraltar","GIB","Europe",1999,30529,NA,NA,NA,NA,NA,NA,NA,NA,10,NA,NA,319.029,NA,NA,NA,NA,NA,NA,NA,NA
"90","Greece","GRC","Europe",1999,10761698,5411214,5350484,9.4,9.6,77.9878048780488,80.6,75.5,3.02773,9,4862323,NA,86636.542,142540728958.023,11.8528003692627,18.1898002624512,7.69220018386841,NA,4.6999998093,NA,2.7794
"91","Greenland","GRL","North America",1999,56100,NA,NA,16.8,8.5,66.4034146341464,68.99,63.94,NA,NA,NA,NA,539.049,1131561595.13775,9.02999973297119,7.42000007629395,10.5500001907349,NA,NA,NA,NA
"92","Grenada","GRD","North America",1999,102432,51535,50897,18.939,7.129,72.455,75.064,69.824,NA,9,NA,NA,194.351,482009370.37037,NA,NA,NA,NA,NA,NA,3.8477
"93","Guam","GUM","Oceania",1999,153953,75033,78920,22.343,4.534,74.646,77.154,72.438,NA,0,74470,NA,NA,NA,13.9499998092651,NA,NA,NA,NA,NA,NA
"94","Guatemala","GTM","North America",1999,11387203,5795672,5591531,35.893,6.415,67.351,70.561,64.162,NA,16,3972647,NA,8929.145,18318412251.3642,NA,NA,NA,NA,NA,NA,NA
"95","Guinea","GIN","Africa",1999,8054743,4207398,3847345,44.651,15.54,51.295,51.326,51.206,2.36142,6,2765385,NA,1580.477,3461282293.64624,NA,NA,NA,NA,NA,NA,NA
"96","Guinea-Bissau","GNB","Africa",1999,1177131,607783,569348,42.174,15.371,49.999,52.834,47.123,5.24617,6,463024,NA,194.351,224446663.800548,NA,NA,NA,NA,NA,NA,NA
"97","Guyana","GUY","South America",1999,749674,377049,372625,26.262,7.741,64.964,68.138,61.986,8.56106,6,278654,NA,1679.486,694754988.258295,NA,NA,NA,NA,NA,NA,NA
"98","Haiti","HTI","North America",1999,8319057,4223350,4095707,32.236,11.425,56.891,58.821,54.976,NA,6,3140251,NA,1331.121,4153736347.44223,7.19999980926514,8.30000019073486,6.19999980926514,NA,NA,NA,NA
"99","Heavily indebted poor countries (HIPC)","HPC","Aggregated Nations",1999,458867402,230746251,228121151,43.2552720335362,14.3644937696163,51.8421922418995,53.4323675212344,50.305457692404,3.13107,7,181131325,50.39509,74531.775,152588622672.442,NA,NA,NA,NA,NA,NA,NA
"100","High income","HIC","Aggregated Nations",1999,1071158291,543038708,527436367,12.236613921068,8.59494382336936,77.309715310756,80.4601061788479,74.3303836279536,4.60029,9.5,520735363,NA,12745738.5029927,27045047676750.4,6.97242959822445,7.5396914018519,6.50495963005245,NA,6.54443764316363,NA,NA
"101","Honduras","HND","South America",1999,6397151,3216624,3180527,34.647,5.35,70.378,72.754,68.031,NA,9,2438377,NA,4741.431,6414520529.61673,3.84999990463257,3.89000010490417,3.98000001907349,NA,NA,NA,NA
"102","Hong Kong SAR, China","HKG","Asia",1999,6606500,3342651,3263849,7.8,5,80.3829268292683,83.2,77.7,NA,9,3352637,NA,42716.883,165768095391.557,6.25,4.82000017166138,6.69999980926514,NA,NA,NA,NA
"103","Hungary","HUN","Europe",1999,10237530,5363497,4874033,9.2,14,70.6770731707317,75.21,66.36,4.55804,13,4139219,NA,58800.345,49073380173.7159,6.92899990081787,6.21570014953613,7.50470018386841,NA,8.1000003815,NA,5.5852
"104","IBRD only","IBD","Aggregated Nations",1999,3935228896,1941521311,1993634746,20.1240692385753,7.65960037072411,67.7736242769413,70.1151182885809,65.6390877076111,4.07595,9,1810562981,81.98215,10305632.4099337,5341493579753.91,5.95500965941211,NA,NA,NA,NA,NA,NA
"105","Iceland","ISL","Europe",1999,277381,138548,138833,14.8,6.9,79.3512195121951,81.4,77.4,6.4415,10,164020,NA,2068.188,8971609106.48051,2.17810010910034,2.78949999809265,1.63999998569489,NA,NA,NA,14.1274
"106","IDA & IBRD total","IBT","Aggregated Nations",1999,4992783225,2467281153,2523537629,23.8862343783748,8.63075638604674,65.2178554064452,67.3393465725958,63.2723315018599,3.76492,9,2204759526,77.3609,10802423.4039668,5762323772359.71,NA,NA,NA,NA,NA,NA,NA
"107","IDA blend","IDB","Aggregated Nations",1999,356825867,176000012,180756020,37.3686567256761,12.6336974592091,55.1954813341488,56.4707248256153,54.0212940791184,NA,8.5,121184834,61.65975,309975.495637431,183335979118.584,NA,NA,NA,NA,NA,NA,NA
"108","IDA only","IDX","Aggregated Nations",1999,700728462,349759830,349146863,38.1499269894915,12.0466690993842,55.9951365222845,57.4305702424518,54.5725497629661,3.02736,6.5,273011711,53.27944,181805.057809804,238066392923.354,NA,NA,NA,NA,NA,NA,NA
"109","IDA total","IDA","Aggregated Nations",1999,1057554329,525759842,529902883,37.8863530608128,12.2447124375361,55.7253601474665,57.1092585115316,54.3845100549151,3.179465,7.5,394196545,56.12843,493987.03431283,422720163452.929,NA,NA,NA,NA,NA,NA,NA
"110","India","IND","Asia",1999,1038058156,498372775,539685381,26.861,8.841,62.093,62.906,61.335,4.41539,NA,388180658,NA,995766.516,458820417337.807,NA,NA,NA,NA,NA,NA,NA
"111","Indonesia","IDN","Asia",1999,208615169,104252991,104362178,21.788,7.483,65.513,66.879,64.137,NA,NA,97238408,NA,241988.997,140001351215.462,6.35790014266968,6.88229990005493,6.03119993209839,NA,NA,NA,NA
"112","Iran, Islamic Rep.","IRN","Asia",1999,64800880,31829264,32971616,18.081,5.109,69.813,70.646,69.001,4.22041,5,18300878,NA,382339.755,113848450088.351,NA,NA,NA,NA,NA,NA,NA
"113","Iraq","IRQ","Asia",1999,22802064,11302613,11499451,36.136,5.662,69.108,71.679,66.69,NA,6,5493951,NA,72283.904,NA,NA,NA,NA,NA,NA,NA,NA
"114","Ireland","IRL","Europe",1999,3754786,1889591,1865195,14.4,8.7,76.0829268292683,78.9,73.4,4.14085,8,1807653,NA,40153.65,98692079266.9934,5.80369997024536,5.61740016937256,5.92929983139038,NA,4.6999998093,NA,NA
"115","Isle of Man","IMN","Europe",1999,76001,NA,NA,NA,NA,NA,NA,NA,NA,NA,NA,NA,NA,1567465656.8505,0.800000011920929,0.5,1,NA,NA,NA,NA
"116","Israel","ISR","Asia",1999,6125000,3106819,3018181,21.5,6.1,78.6585365853659,80.4,77,6.42888,11,2668758,NA,55694.396,117111535207.865,11.1829996109009,11.5410003662109,10.8959999084473,NA,6.1199998856,NA,5.7112
"117","Italy","ITA","Europe",1999,56916317,29369602,27546715,9.4,9.8,79.4243902439024,82.6,76.4,4.52336,8,23255309,NA,441998.178,1252023758789.69,11.6899995803833,16.2705993652344,8.83930015563965,NA,4.9000000954,NA,NA
"118","Jamaica","JAM","North America",1999,2632675,1323674,1309001,21.908,6.415,74.152,75.518,72.837,NA,6,1200604,79.92012,9977.907,8851581632.65306,15.7399997711182,22.8199996948242,10.0100002288818,NA,NA,NA,NA
"119","Japan","JPN","Asia",1999,126631000,64416945,62214055,9.3,7.8,80.5707317073171,83.9,77.4,NA,9,67828257,NA,1196516.431,4562078822335.45,4.69999980926514,4.5,4.80000019073486,NA,14.8000001907,NA,NA
"120","Jordan","JOR","Asia",1999,5031762,2419668,2612094,32.003,4.185,71.556,73.071,70.209,4.94417,10,1273989,NA,14568.991,8263921015.51481,NA,NA,NA,NA,NA,NA,2.917
"121","Kazakhstan","KAZ","Asia",1999,14928426,7741012,7187414,14.57,9.87,65.519512195122,71,60.3,3.89257,9,7649133,99.51266,116493.256,16870817134.7767,13.460000038147,NA,NA,NA,7.25,NA,6.6292
"122","Kenya","KEN","Africa",1999,31098757,15657192,15441565,40.212,12.593,51.059,53.563,48.734,5.32324,8,12191220,NA,10172.258,12896013576.7324,10.0043001174927,13.3372001647949,6.69509983062744,NA,NA,NA,NA
"123","Kiribati","KIR","Oceania",1999,82972,42050,40922,31.044,8.105,62.829,65.606,60.091,10.87101,NA,NA,NA,29.336,69032258.0645161,NA,NA,NA,NA,NA,NA,NA
"124","Korea, Dem. Peopleâ€™s Rep.","PRK","Asia",1999,22731482,11650479,11081003,18.426,9.139,64.684,68.458,60.526,NA,11,13830392,NA,64531.866,NA,NA,NA,NA,NA,NA,NA,NA
"125","Korea, Rep.","KOR","Asia",1999,46616677,23225978,23390699,13,5.2,75.409756097561,79.2,71.8,3.45444,6,22326933,NA,399864.348,485248229336.653,6.34200000762939,5.09899997711182,7.18900012969971,NA,5.5999999046,NA,NA
"126","Kosovo","XKX","Europe",1999,1762000,NA,NA,22.7,7.2,66.9512195121951,69,65,NA,NA,NA,NA,NA,NA,NA,NA,NA,NA,NA,NA,NA
"127","Kuwait","KWT","Asia",1999,1951636,812613,1139023,23.173,2.539,73.074,74.233,72.314,NA,9,936822,NA,54022.244,30123850197.1091,0.699999988079071,NA,NA,NA,NA,NA,NA
"128","Kyrgyz Republic","KGZ","Asia",1999,4840400,2448184,2392216,21.5,6.8,68.6560975609756,72.6,64.9,4.08522,9,2006381,98.70161,4671.758,1249061487.01457,NA,NA,NA,NA,7.4699997902,NA,8.3802
"129","Lao PDR","LAO","Asia",1999,5235346,2627510,2607836,33.082,10.192,58.225,60.026,56.437,NA,5,2364408,NA,927.751,1454430642.49183,NA,NA,NA,NA,NA,NA,NA
"130","Late-demographic dividend","LTE","Aggregated Nations",1999,2029613166,1006209000,1023404166,15.2193744101663,7.19876189780886,70.6189877829137,73.519974269269,67.9866820647013,4.14085,9,1090834878,90.78952,6778057.00527173,3097584524512.96,5.27041836866797,NA,NA,NA,3.55924413485208,NA,NA
"131","Latin America & Caribbean","LCN","Aggregated Nations",1999,513442848,259602580,253588108,22.7166828201535,6.01619569436923,71.3620582057857,74.6001887918346,68.2122281852546,3.76492,9,217525482,88.7893,1365147.92547218,2074490029037.21,9.5653170478943,12.0956059538071,7.88124957802325,NA,NA,NA,NA
"132","Latin America & Caribbean (excluding high income)","LAC","Aggregated Nations",1999,485778282,245605521,240102926,23.0150910310687,6.00424398375761,71.1399222864061,74.3780008283731,67.9966069981838,3.80062,9,206185973,87.68724,1242819.64,1877181244880.78,9.46362763526471,12.028438700277,7.74301079616812,NA,NA,NA,NA
"133","Latin America & the Caribbean (IDA & IBRD countries)","TLA","Aggregated Nations",1999,497517841,251607579,245796813,22.990388325974,5.97764568219575,71.2122876984367,74.4682752636676,68.0436584927974,3.72922,9,211295410,88.48042,1314421.482,1968086400056.61,9.62755287596672,12.1694827886235,7.93233762796007,NA,NA,NA,NA
"134","Latvia","LVA","Europe",1999,2390482,1291778,1098704,8.1,13.7,69.7429268292683,75.29,64.46,5.53982,11,1121001,NA,6780.283,7518044679.3178,13.7896995544434,13.3585996627808,14.1823997497559,NA,9.029999733,NA,4.8819
"135","Least developed countries: UN classification","LDC","Aggregated Nations",1999,641046802,321225112,319812344,38.9194314075479,12.5976680412712,55.0104312750876,56.4386762264122,53.6493634033901,2.89331,6,252975865,51.84497,105308.745976055,189032754802.13,NA,NA,NA,NA,NA,NA,NA
"136","Lebanon","LBN","Asia",1999,3747766,1884657,1863109,22.156,4.776,74.017,75.59,72.378,NA,6,1179300,NA,16490.499,17391056369.2265,NA,NA,NA,NA,NA,NA,NA
"137","Lesotho","LSO","Africa",1999,2019731,1046576,973155,30.947,15.158,49.328,52.805,46.218,12.49935,NA,891734,NA,1826.166,912771290.61298,27.2700004577637,33.0999984741211,21.4599990844727,NA,NA,NA,NA
"138","Liberia","LBR","Africa",1999,2699712,1354519,1345193,43.273,15.419,51.234,52.329,50.145,NA,NA,1147475,NA,392.369,NA,NA,NA,NA,NA,NA,NA,NA
"139","Libya","LBY","Africa",1999,5275926,2532951,2742975,21.982,4.642,70.684,72.577,69.084,2.26417,9,1532079,NA,44620.056,35976714100.9056,NA,NA,NA,NA,NA,NA,NA
"140","Liechtenstein","LIE","Europe",1999,32769,NA,NA,12.4,6.4,79.109756097561,82.9,75.5,NA,9,NA,NA,NA,2664026095.06058,1.77999997138977,NA,NA,NA,NA,NA,NA
"141","Lithuania","LTU","Europe",1999,3524238,1872416,1651822,10.3,11.4,71.5707317073171,77,66.4,NA,10,1712631,NA,13692.578,10972878636.1675,13.3875999450684,12.0615997314453,14.6538000106812,NA,9.8500003815,NA,8.3316
"142","Low & middle income","LMY","Aggregated Nations",1999,4963408578,2452069825,2509379647,23.9975071843605,8.62716359544954,65.1294402886345,67.2294952671939,63.2019302257126,3.80062,9,2194904404,77.07523,10459326.4811292,5486007988489.16,NA,NA,NA,NA,NA,NA,NA
"143","Low income","LIC","Aggregated Nations",1999,427140442,215210753,211929689,41.9863303983939,13.8923869845553,53.0723965456191,54.717747809632,51.4506978018073,3.13107,7,173746265,52.34968,167120.107229162,117216415314.495,NA,NA,NA,NA,NA,NA,NA
"144","Lower middle income","LMC","Aggregated Nations",1999,2239892466,1097561884,1142330582,28.0764408906683,9.22118433418621,62.0996182975969,63.5934927132173,60.7170642883393,4.089775,8,857250364,66.52759,2277342.32741168,1230991874654.19,NA,NA,NA,NA,NA,NA,NA
"145","Luxembourg","LUX","Europe",1999,430475,218564,211911,13,8.8,77.7707317073171,81.1,74.6,NA,6,181745,NA,7686.032,22235929043.2559,2.38980007171631,3.33039999008179,1.77839994430542,NA,6.3000001907,NA,7.5122
"146","Macao SAR, China","MAC","Asia",1999,418383,217531,200852,9.61,3.878,80.15,82.613,77.551,3.36598,10,210298,NA,1518.138,6490571703.85015,6.30000019073486,4.40000009536743,8,NA,NA,NA,NA
"147","Madagascar","MDG","Africa",1999,15282521,7672439,7610082,41.918,10.656,57.782,59.001,56.601,2.76755,5,7251953,NA,1917.841,3717515282.53319,NA,NA,NA,NA,NA,NA,NA
"148","Malawi","MWI","Africa",1999,10854322,5490938,5363384,43.901,18.281,45.136,47.743,42.845,4.99491,8,4569425,NA,942.419,1775921718.10534,NA,NA,NA,NA,NA,NA,NA
"149","Malaysia","MYS","Asia",1999,22661298,11121623,11539675,22.993,4.549,72.418,74.575,70.456,5.68675,NA,9250756,NA,107934.478,79148421052.6316,3.4300000667572,3.28999996185303,3.5,NA,NA,NA,NA
"150","Maldives","MDV","Asia",1999,273527,135509,138018,22.68,4.887,69.348,70.49,68.443,NA,NA,84975,NA,421.705,589239753.610875,NA,NA,NA,NA,NA,NA,NA
"151","Mali","MLI","Africa",1999,10642936,5368283,5274653,48.779,18.766,47.515,48.216,46.813,2.23184,9,3953328,NA,795.739,3439463140.35541,NA,NA,NA,NA,NA,NA,NA
"152","Malta","MLT","Europe",1999,387578,195439,192139,11.4,7.9,77.5,79.6,75.5,NA,11,153875,NA,2346.88,4127313818.33836,5.30000019073486,2.59999990463257,6.30000019073486,NA,5.5700001717,NA,NA
"153","Marshall Islands","MHL","Oceania",1999,50423,NA,NA,41.8,4.9,67.5048780487805,69.4,65.7,14.53904,9,NA,NA,66.006,114326300,NA,NA,NA,NA,2.1,NA,NA
"154","Mauritania","MRT","Africa",1999,2561585,1288821,1272764,38.287,9.316,60.643,62.403,58.826,2.43289,NA,727706,NA,1147.771,1405662876.94378,NA,NA,NA,NA,NA,NA,NA
"155","Mauritius","MUS","Africa",1999,1175267,591986,583281,17.3,6.8,70.9609756097561,74.7,67.4,3.93976,6,513708,NA,2427.554,4343710332.80658,NA,NA,NA,NA,NA,NA,NA
"156","Mexico","MEX","North America",1999,97484832,49601526,47883306,24.272,4.786,73.988,76.664,71.302,3.53536,9,38276913,NA,391591.596,600232874042.927,2.48799991607666,3.54099988937378,1.94900000095367,NA,1.1000000238,NA,NA
"157","Micronesia, Fed. Sts.","FSM","Oceania",1999,107781,53152,54629,30.514,7.748,64.413,66.017,62.938,6.40977,NA,NA,NA,110.01,220140471.847169,NA,NA,NA,NA,NA,NA,NA
"158","Middle East & North Africa","MEA","Aggregated Nations",1999,309436741,151489834,157946907,25.0792350190923,5.61095463348355,69.5863100137982,71.3144174754525,67.9687152624078,NA,9,90944791,68.0924,1353489.7,866973172257.064,NA,NA,NA,NA,NA,NA,NA
"159","Middle East & North Africa (excluding high income)","MNA","Aggregated Nations",1999,274350032,135762730,138587302,25.1554218439566,5.8258323735242,69.0532087411785,70.8088506766916,67.3739283593962,NA,9,78104885,66.22841,866457.095,435996752504.416,NA,NA,NA,NA,NA,NA,NA
"160","Middle East & North Africa (IDA & IBRD countries)","TMN","Aggregated Nations",1999,271501601,134360248,137141353,24.9849935303439,5.83869306723904,69.0349139353252,70.7930352127811,67.3535154001288,NA,7.5,77507627,66.01418,865808.036,431671125245.276,NA,NA,NA,NA,NA,NA,NA
"161","Middle income","MIC","Aggregated Nations",1999,4536268136,2236859072,2297449958,22.3036032670348,8.13136782169133,66.2666731071419,68.435333108332,64.2876801290107,4.089775,9,2021158139,79.07006,10291408.2917838,5370611751229.54,NA,NA,NA,NA,NA,NA,NA
"162","Moldova","MDA","Europe",1999,2929735,1527898,1401837,11.847,11.698,66.852,70.797,62.866,4.66256,9,1136784,NA,4503.076,1170782957.37443,11.1400003433228,8.89000034332275,13.3199996948242,NA,8.1899995804,NA,8.716
"163","Monaco","MCO","Europe",1999,31844,NA,NA,NA,NA,NA,NA,NA,1.19528,NA,NA,NA,NA,2906009307.6651,NA,NA,NA,NA,NA,NA,NA
"164","Mongolia","MNG","Asia",1999,2376225,1192087,1184138,19.853,7.899,62.446,65.258,59.826,5.14566,8,914539,NA,7554.02,1057408588.68269,NA,NA,NA,NA,NA,NA,NA
"165","Montenegro","MNE","Europe",1999,606001,306000,300001,13.836,9.57,73.287,76.11,70.504,NA,NA,231600,NA,NA,NA,NA,NA,NA,NA,NA,NA,NA
"166","Morocco","MAR","Africa",1999,28455509,14344080,14111429,22.607,6.417,68.245,69.798,66.633,5.14016,6,9341386,NA,33153.347,41632027599.8531,13.9399995803833,13.3199996948242,14.1800003051758,NA,NA,NA,NA
"167","Mozambique","MOZ","Africa",1999,17244188,9005617,8238571,44.876,16.843,48.572,50.643,46.419,3.13107,NA,8135206,NA,1188.108,5888561099.32603,NA,NA,NA,NA,NA,NA,0.2835
"168","Myanmar","MMR","Asia",1999,46181077,23796859,22384218,24.733,9.947,59.744,62.819,56.705,NA,5,22222904,NA,8969.482,NA,NA,NA,NA,NA,NA,NA,NA
"169","Namibia","NAM","Africa",1999,1763859,913294,850565,31.641,12.102,53.231,55.557,50.824,7.21755,7,553745,NA,1664.818,3818954447.99083,NA,NA,NA,NA,NA,NA,NA
"170","Nauru","NRU","Oceania",1999,10449,NA,NA,NA,NA,NA,NA,NA,NA,10,NA,NA,91.675,NA,NA,NA,NA,NA,NA,NA,NA
"171","Nepal","NPL","Asia",1999,23509964,11773451,11736513,32.64,8.843,61.6,62.614,60.517,2.89331,NA,11899084,NA,3219.626,5033642384.10596,1.85000002384186,1.6599999666214,2.02999997138977,NA,0.200000003,NA,NA
"172","Netherlands","NLD","Europe",1999,15812088,7980350,7831738,12.7,8.9,77.8365853658537,80.5,75.3,4.507,13,7963539,NA,173665.453,446898572341.786,3.62249994277954,4.85230016708374,2.69359993934631,NA,5,NA,NA
"173","New Caledonia","NCL","Oceania",1999,209214,103207,106007,20.6,5.2,73.8756097560976,77,70.9,NA,0,98536,NA,2057.187,3056999988.09146,NA,NA,NA,NA,NA,NA,NA
"174","New Zealand","NZL","Oceania",1999,3835100,1951226,1883874,14.87,7.33,77.890243902439,80.4,75.5,6.63621,10,1909755,NA,32639.967,58762260625.8758,7.02299976348877,6.69299983978271,7.29699993133545,NA,NA,NA,NA
"175","Nicaragua","NIC","South America",1999,4991040,2521581,2469459,27.693,5.431,69.1,71.957,66.215,2.92365,6,1814093,NA,3626.663,4855717874.68247,NA,NA,NA,NA,NA,NA,NA
"176","Niger","NER","Africa",1999,10929918,5521896,5408022,53.82,17.804,49.279,49.926,48.636,3.22863,NA,4476668,NA,953.42,2018193703.06047,NA,NA,NA,NA,NA,NA,NA
"177","Nigeria","NGA","Africa",1999,119260063,59154811,60105252,43.211,18.059,46.103,47.063,45.184,NA,NA,40317120,NA,40285.662,59372613485.6576,NA,NA,NA,NA,NA,NA,NA
"178","North America","NAC","Aggregated Nations",1999,309502571,157001293,152439993,13.9052628006465,8.46245597363501,76.8091316391787,79.6150159718748,74.137053351216,5.54994,11,160714018,NA,6020572.275,10310072635807.7,4.55235921445885,4.63105277479938,4.48304564955271,NA,3.62947364328064,NA,NA
"179","North Macedonia","MKD","Europe",1999,2024394,1009866,1014528,13.333,8.254,73.038,75.52,70.65,NA,NA,825209,NA,11723.399,3863743409.49033,32.4000015258789,33.2999992370605,31.8999996185303,NA,5.0999999046,NA,NA
"180","Northern Mariana Islands","MNP","Oceania",1999,55636,NA,NA,NA,NA,NA,NA,NA,NA,NA,NA,NA,NA,NA,NA,NA,NA,NA,NA,NA,NA
"181","Norway","NOR","Europe",1999,4461913,2252100,2209813,13.3,10.1,78.2829268292683,81.1,75.6,6.96642,10,2379488,NA,40681.698,162284465073.341,3.24659991264343,3.2341001033783,3.25769996643066,NA,3.9000000954,NA,NA
"182","Not classified","INX","Aggregated Nations",1999,NA,NA,NA,NA,NA,NA,NA,NA,NA,NA,NA,NA,NA,NA,NA,NA,NA,NA,NA,NA,NA
"183","OECD members","OED","Aggregated Nations",1999,1149382451,585660468,563721983,13.4192513367241,8.39179249493605,76.7734620412165,79.9412155538147,73.7447407539542,4.60029,10,547403640,NA,12497077.328,26826676781835.8,6.74962998596259,7.37978476330797,6.27968236173118,NA,5.84965238868236,NA,NA
"184","Oman","OMN","Asia",1999,2254904,975360,1279544,25.063,3.633,71.664,74.005,69.926,4.00595,NA,785545,NA,20707.549,15710148244.4733,NA,NA,NA,NA,NA,NA,2.8551
"185","Other small states","OSS","Aggregated Nations",1999,20540138,10296816,10216177,28.3535991128647,10.84156413986,60.4005696849178,62.6450750891344,58.3580362811843,5.24617,8,7879131,78.70902,99466.6722013387,81024263050.8064,NA,NA,NA,NA,NA,NA,NA
"186","Pacific island small states","PSS","Aggregated Nations",1999,1939992,906590,944408,29.7235757096798,6.59046979502624,66.3396425767117,68.0172226651518,64.7462368234916,NA,NA,650186,88.72764,1811.498,3735824873.61437,NA,NA,NA,NA,NA,NA,NA
"187","Pakistan","PAK","Asia",1999,138624621,67055724,71568897,35.424,9.043,62.564,63.407,61.818,2.61149,12,40510311,NA,100384.125,62973855718.8874,5.34999990463257,13.6599998474121,3.84999990463257,NA,NA,NA,0.4211
"188","Palau","PLW","Oceania",1999,18776,NA,NA,13.2,6.9,NA,NA,NA,NA,NA,NA,NA,242.022,NA,NA,NA,NA,NA,NA,NA,NA
"189","Panama","PAN","North America",1999,2971196,1473637,1497559,23.758,4.783,74.881,77.449,72.47,4.56723,11,1259502,NA,5669.182,12130252200,11.75,16.9300003051758,8.86999988555908,NA,NA,NA,1.1423
"190","Papua New Guinea","PNG","Oceania",1999,5716161,2810784,2905377,34.25,9.623,59.049,60.527,57.683,NA,NA,2458917,NA,2445.889,3477038204.01733,NA,NA,NA,NA,NA,NA,NA
"191","Paraguay","PRY","South America",1999,5216349,2569978,2646371,27.746,5.563,70.31,72.407,68.313,4.23088,9,2216084,NA,4503.076,8837070235.51892,9.39999961853027,NA,NA,NA,NA,NA,NA
"192","Peru","PER","South America",1999,26078293,13079203,12999090,23.839,5.561,70.7,72.922,68.461,3.44134,12,11712840,NA,29358.002,50187324567.883,7.98999977111816,8.60000038146973,7.48999977111816,NA,NA,NA,0.656
"193","Philippines","PHL","Asia",1999,76325927,37867397,38458530,29.887,5.425,68.744,72.197,65.481,NA,11,29245312,NA,69159.62,82995145792.9341,9.80869960784912,9.99849987030029,9.69270038604736,NA,NA,NA,NA
"194","Poland","POL","Europe",1999,38660271,19883133,18777138,9.9,9.9,73.0439024390244,77.5,68.8,4.60029,NA,17165879,NA,315721.366,169717677900.734,12.2897996902466,13.1687002182007,11.546799659729,NA,5.0999999046,NA,5.7
"195","Portugal","PRT","Europe",1999,10217828,5292683,4925145,11.4,10.6,75.9634146341463,79.6,72.5,5.04535,9,5183870,NA,64425.523,127427343916.471,4.57800006866455,5.0644998550415,4.1761999130249,NA,3.7999999523,NA,NA
"196","Post-demographic dividend","PST","Aggregated Nations",1999,1015420880,518649565,496771315,11.4889991489943,9.20024338733511,77.1164179360581,80.3521521947599,74.0520297909089,5.04535,9,499594974,NA,11958930.41,25837310281051.7,6.95635242273891,7.23679555039767,6.25332756792691,NA,6.77960014452753,NA,NA
"197","Pre-demographic dividend","PRE","Aggregated Nations",1999,535773390,268588854,267184536,43.694140986918,15.2694113215421,50.3755994480148,51.9644561722729,48.8577955987842,3.13107,6.5,198102384,57.28266,177202.057648746,212368308498.737,NA,NA,NA,NA,NA,NA,NA
"198","Puerto Rico","PRI","North America",1999,3800081,1972553,1827528,15.6,7.7,75.375487804878,79.975,70.995,NA,13,1378319,NA,NA,5.7841e+10,11.8100004196167,9.52000045776367,13.5200004577637,NA,NA,NA,NA
"199","Qatar","QAT","Asia",1999,570489,197500,372989,19.599,1.971,77.327,78.715,76.399,4.3453,NA,327728,NA,31407.855,12393131868.1319,NA,NA,NA,NA,NA,NA,NA
"200","Romania","ROU","Europe",1999,22472040,11469109,11002931,10.4,11.8,70.5121951219512,74.2,67,NA,8,11821172,NA,89742.491,35952781582.2083,6.23699998855591,5.53289985656738,6.86030006408691,NA,7.3099999428,NA,NA
"201","Russian Federation","RUS","Asia",1999,147214392,78274915,68939477,8.3,14.6,65.9821951219512,72.4,59.87,NA,8,73023462,NA,1531130.181,195907128350.934,13.03600025177,12.8959999084473,13.1669998168945,NA,10.8500003815,NA,NA
"202","Rwanda","RWA","Africa",1999,7501234,3840422,3660812,40.35,15.731,46.639,47.499,45.734,4.38327,6,3618078,NA,509.713,1817654508.16444,NA,NA,NA,NA,NA,NA,NA
"203","Samoa","WSM","Oceania",1999,173609,83164,90445,30.952,6.413,68.399,71.084,65.964,4.01625,8,47397,NA,135.679,258833766.580017,NA,NA,NA,NA,NA,NA,2.0104
"204","San Marino","SMR","Europe",1999,27145,NA,NA,NA,NA,NA,NA,NA,NA,10,NA,NA,NA,1215640315.36331,3,4.59999990463257,1.60000002384186,NA,NA,NA,NA
"205","Sao Tome and Principe","STP","Africa",1999,139959,70794,69165,39.534,9.415,60.742,62.697,58.793,NA,6,42559,NA,47.671,NA,NA,NA,NA,NA,NA,NA,NA
"206","Saudi Arabia","SAU","Asia",1999,20194527,9195458,10999069,27.002,3.747,72.327,74.272,70.743,7.07227,NA,6026070,NA,226459.252,161716960000,4.34999990463257,8.14999961853027,3.69000005722046,NA,NA,NA,NA
"207","Senegal","SEN","Africa",1999,9568722,4859293,4709429,39.519,10.93,57.523,59.091,55.955,2.48935,6,2722486,NA,3700.003,6512207622.19727,NA,NA,NA,NA,NA,NA,NA
"208","Serbia","SRB","Europe",1999,7540401,3836936,3703465,9.6,13.5,NA,NA,NA,NA,8,3377060,NA,NA,18409364146.9794,13.6999998092651,16.2000007629395,11.6999998092651,NA,NA,NA,NA
"209","Seychelles","SYC","Africa",1999,80410,40303,40107,18.2,7,72.6682926829268,78.2,67.4,5.261,10,NA,NA,509.713,622985493.682733,NA,NA,NA,NA,NA,NA,NA
"210","Sierra Leone","SLE","Africa",1999,4462378,2250086,2212292,44.383,24.366,38.634,39.158,38.099,NA,NA,1599488,NA,366.7,669384768.87263,NA,NA,NA,NA,NA,NA,NA
"211","Singapore","SGP","Asia",1999,3958723,1927542,2031181,12.8,4.5,77.5512195121951,79.6,75.6,NA,NA,2106295,NA,50069.218,86284660766.9617,4.84999990463257,5.21000003814697,4.6399998664856,NA,NA,NA,4.0324
"212","Sint Maarten (Dutch part)","SXM","North America",1999,31084,NA,NA,NA,NA,NA,NA,NA,NA,12,NA,NA,NA,NA,NA,NA,NA,NA,NA,NA,NA
"213","Slovak Republic","SVK","Europe",1999,5396020,2774868,2621152,10.4,9.7,72.9024390243902,77,69,4.11247,10,2551618,NA,39240.567,30453383763.0514,15.9470996856689,15.9067001342773,15.9807996749878,NA,8,NA,NA
"214","Slovenia","SVN","Europe",1999,1983045,1014339,968706,8.8,9.5,75.009756097561,78.8,71.4,NA,9,965214,NA,15236.385,22711383651.9446,7.32439994812012,7.47329998016357,7.19729995727539,NA,5.5500001907,NA,1.54
"215","Small states","SST","Aggregated Nations",1999,28948606,14401954,14317064,26.7887194055123,9.68954670732126,63.2029920266989,65.3764601142317,61.1878777008331,4.592965,6.5,11231327,81.31537,142166.512290523,116625839442.435,NA,NA,NA,NA,NA,NA,NA
"216","Solomon Islands","SLB","Oceania",1999,401586,195088,206498,35.848,5.685,67.057,68.368,65.927,NA,NA,193033,76.6,150.347,482214092.308964,NA,NA,NA,NA,NA,NA,0.8989
"217","Somalia","SOM","Africa",1999,8553601,4269280,4284321,49.501,15.891,50.392,52.007,48.872,NA,NA,2252552,NA,491.378,NA,NA,NA,NA,NA,NA,NA,NA
"218","South Africa","ZAF","Africa",1999,44338543,22476163,21862380,23.119,11.448,57.144,60.462,54.077,5.87523,9,16087761,NA,375236.776,136632320704.653,25.3700008392334,30.2600002288818,21.0599994659424,NA,NA,NA,3.8994
"219","South Asia","SAS","Aggregated Nations",1999,1365067928,657579212,707488716,28.1525239907182,8.72425354925048,62.4043113203733,63.2476137553098,61.6257169239248,2.7524,7.5,498834873,56.91616,1134852.159,598384655116.037,NA,NA,NA,NA,NA,NA,NA
"220","South Asia (IDA & IBRD)","TSA","Aggregated Nations",1999,1365067928,657579212,707488716,28.1525239907182,8.72425354925048,62.4043113203734,63.2476137553098,61.6257169239248,2.7524,7.5,498834873,56.91616,1134852.159,598384655116.037,NA,NA,NA,NA,NA,NA,NA
"221","South Sudan","SSD","Africa",1999,5933882,2979110,2954772,43.679,16.439,48.754,50.02,47.511,NA,NA,2435291,NA,NA,NA,NA,NA,NA,NA,NA,NA,NA
"222","Spain","ESP","Europe",1999,40386875,20576752,19810123,9.4,9.2,78.7170731707317,82.2,75.4,4.27052,10,17760180,NA,282355.333,634693160025.57,15.4756002426147,22.8054008483887,10.768500328064,NA,4.0999999046,NA,3.3692
"223","Sri Lanka","LKA","Asia",1999,18663284,9338123,9325161,18.464,7.189,70.503,74.284,67.057,NA,9,7861675,NA,8617.45,15656327859.5696,8.88000011444092,13.3500003814697,6.65000009536743,NA,2.2000000477,NA,0.7529
"224","St. Kitts and Nevis","KNA","North America",1999,43614,NA,NA,NA,NA,NA,NA,NA,3.32265,12,NA,NA,161.348,406597041.48593,NA,NA,NA,NA,NA,NA,6.055
"225","St. Lucia","LCA","North America",1999,154995,78962,76033,19.787,6.686,73.144,74.567,71.793,6.09171,10,66158,NA,319.029,824732888.888889,18.0900001525879,20.3400001525879,16,NA,NA,NA,2.1355
"226","St. Martin (French part)","MAF","North America",1999,28116,NA,NA,17.6,3.2,76.7707317073171,80.1,73.6,NA,NA,NA,NA,NA,NA,NA,NA,NA,NA,NA,NA,NA
"227","St. Vincent and the Grenadines","VCT","North America",1999,107758,53520,54238,20.525,7.204,70.762,72.662,68.911,5.75268,NA,47509,NA,165.015,390719148.148148,NA,NA,NA,NA,NA,NA,NA
"228","Sub-Saharan Africa","SSF","Aggregated Nations",1999,648148316,325820448,322327868,41.8045077151709,15.2080212014143,50.2447707442066,51.9300765333212,48.6414720636939,3.32304,7,251302989,58.02351,523849.718877,373501288438.273,NA,NA,NA,NA,NA,NA,NA
"229","Sub-Saharan Africa (excluding high income)","SSA","Aggregated Nations",1999,648067906,325780145,322287761,41.807436479962,15.2090396239881,50.2419885120016,51.9268266215579,48.6391376645296,3.32304,7,251302989,58.01841,523339.209762391,372873938717.233,NA,NA,NA,NA,NA,NA,NA
"230","Sub-Saharan Africa (IDA & IBRD countries)","TSS","Aggregated Nations",1999,648148316,325820448,322327868,41.8045077151709,15.2080212014143,50.2447707442066,51.9300765333212,48.6414720636938,3.32304,7,251302989,58.02351,523849.718877001,373501288438.273,NA,NA,NA,NA,NA,NA,NA
"231","Sudan","SDN","Africa",1999,26626520,13274743,13351777,39.847,10.477,58.096,59.998,56.276,NA,NA,7657461,NA,5093.463,10682045258.3647,NA,NA,NA,NA,NA,NA,NA
"232","Suriname","SUR","South America",1999,465385,230091,235294,24.073,7.418,67.781,71.285,64.608,NA,6,155672,NA,2126.86,886290697.674419,13.6000003814697,20.3799991607666,9.89000034332275,NA,NA,NA,NA
"233","Sweden","SWE","Europe",1999,8857874,4478662,4379212,10,10.7,79.4414634146342,81.9,77.1,6.92185,9,4544548,NA,51106.979,272292917312.161,7.60699987411499,6.85419988632202,8.28129959106445,NA,3.7000000477,NA,10.3663
"234","Switzerland","CHE","Europe",1999,7143991,3654041,3489950,11,8.7,79.580487804878,82.5,76.8,4.89023,11,3999626,NA,40692.699,289912794567.967,3.14540004730225,3.56879997253418,2.80830001831055,NA,NA,NA,NA
"235","Syrian Arab Republic","SYR","Asia",1999,16013985,7920653,8093332,31.693,3.77,72.882,74.989,70.859,NA,6,4697426,NA,52372.094,15873875968.9922,7.59999990463257,15.1999998092651,6,NA,1.3999999762,NA,1.9053
"236","Tajikistan","TJK","Asia",1999,6119661,3056483,3063178,31.326,9.005,61.161,63.1,59.327,2.07652,9,1474372,NA,2519.229,1086605267.40992,3,NA,NA,NA,6.8000001907,NA,4.3613
"237","Tanzania","TZA","Africa",1999,32682239,16427121,16255118,41.663,14.211,50.248,52.192,48.353,NA,7,15711780,NA,2537.564,12711213451.034,NA,NA,NA,NA,NA,NA,NA
"238","Thailand","THA","Africa",1999,62298571,31488908,30809663,14.965,6.788,70.463,74.4,66.738,4.83267,9,34153080,NA,176126.01,126668932159.508,2.96813559532166,2.93805766105652,2.98534512519836,NA,2.2000000477,NA,1.0916
"239","Timor-Leste","TLS","Asia",1999,873136,432114,441022,39.803,10.885,58.037,59.552,56.577,NA,NA,355792,NA,NA,NA,NA,NA,NA,NA,NA,NA,NA
"240","Togo","TGO","Oceania",1999,4780448,2421382,2359066,39.791,12.754,53.547,54.332,52.737,4.18572,10,2170227,NA,1536.473,1576094566.48548,NA,NA,NA,NA,NA,NA,NA
"241","Tonga","TON","Oceania",1999,97482,47833,49649,28.299,6.839,69.601,70.356,68.778,5.46092,6,35359,NA,110.01,196686674.669868,NA,NA,NA,NA,NA,NA,NA
"242","Trinidad and Tobago","TTO","South America",1999,1263933,634550,629383,14.793,7.588,69.199,71.371,67.086,2.75612,6,568710,NA,22544.716,6808982520.75759,13.1199998855591,16.7600002288818,10.8599996566772,NA,NA,NA,2.8871
"243","Tunisia","TUN","Africa",1999,9613588,4767441,4846147,17.759,5.493,72.904,75.57,70.568,6.27099,NA,3177959,NA,18331.333,22943685719.103,15.210000038147,16.5599994659424,14.75,NA,NA,NA,NA
"244","Turkey","TUR","Asia",1999,62287397,31607155,30680242,22.105,6.613,69.417,73.284,65.731,2.88664,8,22203014,NA,196771.22,255884300638.529,7.68699979782104,7.58699989318848,7.72800016403198,NA,2.5999999046,NA,1.7908
"245","Turkmenistan","TKM","Asia",1999,4466135,2267634,2198501,24.137,7.836,63.413,67.558,59.399,NA,9,1753449,NA,37678.425,2450564467.58315,NA,NA,NA,NA,NA,NA,NA
"246","Turks and Caicos Islands","TCA","North America",1999,19065,NA,NA,NA,NA,NA,NA,NA,NA,13,NA,NA,66.006,NA,NA,NA,NA,NA,NA,NA,NA
"247","Tuvalu","TUV","Oceania",1999,9346,NA,NA,NA,NA,NA,NA,NA,NA,NA,NA,NA,7.334,13687141.1058778,NA,NA,NA,NA,NA,NA,NA
"248","Uganda","UGA","Africa",1999,22952410,11650081,11302329,48.837,17.199,45.373,48.63,42.375,NA,NA,8122393,NA,1312.786,5998563257.94659,NA,NA,NA,NA,NA,NA,NA
"249","Ukraine","UKR","Asia",1999,49673350,26538817,23134533,7.8,14.9,67.9809756097561,73.61,62.62,3.61808,10,22984417,NA,332549.229,31580639045.454,11.8642997741699,NA,NA,NA,8.9499998093,NA,NA
"250","United Arab Emirates","ARE","Asia",1999,2966034,971241,1994793,17.043,1.924,74.106,75.496,73.291,NA,6,1649882,NA,78374.791,84445473110.9598,NA,NA,NA,NA,NA,NA,3.6409
"251","United Kingdom","GBR","Europe",1999,58682466,30107684,28574782,11.9,10.8,77.390243902439,79.9,75,4.01767,11,29052220,NA,530937.596,1682399288141.08,6.04290008544922,5.15019989013672,6.7797999382019,NA,4.1999998093,NA,NA
"252","United States","USA","North America",1999,279040000,141656845,137383155,14.2,8.6,76.5829268292683,79.4,73.9,NA,12,144779757,NA,5504669.379,9630664202000,4.21880006790161,4.3383002281189,4.11469984054565,NA,3.5999999046,NA,NA
"253","Upper middle income","UMC","Aggregated Nations",1999,2296375670,1139297188,1155119376,16.6723985510314,7.06828926572862,70.3448839788191,73.1155669225311,67.830121771866,4.07595,9,1163907775,89.99101,8012867.48356055,4139935793416.14,5.54769116027535,NA,NA,NA,3.37668144025159,NA,NA
"254","Uruguay","URY","South America",1999,3308012,1706433,1601579,16.566,9.43,74.523,78.257,70.753,NA,9,1541915,NA,6725.278,23983945190.6202,10.4659996032715,13.5626001358032,8.01889991760254,NA,NA,NA,NA
"255","Uzbekistan","UZB","Asia",1999,24311650,12220083,12091567,22.4085271424328,5.36899241425033,66.959,70.195,63.765,NA,11,9379681,NA,123035.184,17078465982.0282,NA,NA,NA,NA,5.3899998665,NA,10.9277
"256","Vanuatu","VUT","Oceania",1999,181265,88499,92766,33.558,6.237,67.134,68.468,66.024,6.16283,NA,72984,74,84.341,267999225.256634,NA,NA,NA,NA,NA,NA,NA
"257","Venezuela, RB","VEN","South America",1999,23739841,11821839,11918002,24.159,5.083,71.93,75.701,68.411,NA,14,9841470,NA,173122.737,97976886247.3172,NA,NA,NA,NA,NA,NA,NA
"258","Vietnam","VNM","Asia",1999,79035871,39897047,39138824,18.075,5.67,72.824,77.526,68.142,NA,5,40814558,90.2783,47693.002,28683659006.7752,2.32999992370605,2.40000009536743,2.25,NA,NA,NA,NA
"259","Virgin Islands (U.S.)","VIR","North America",1999,108599,56157,52442,16.1,5.3,76.4618536585366,78.694,74.336,NA,NA,51850,NA,NA,NA,NA,NA,NA,NA,NA,NA,NA
"260","West Bank and Gaza","PSE","Asia",1999,2848431,1402482,1445949,41.4,4.6,70.797,72.324,69.31,NA,10,597258,NA,649.059,4271200000,NA,NA,NA,NA,NA,NA,NA
"261","World","WLD","All",1999,6034566869,2995108533,3036816014,21.9107124399099,8.62144696115225,67.2931468647571,69.6311272764161,65.1368892779433,4.163285,9,2715639768,80.55516,24059187,32543593572634.9,6.14273389621228,NA,NA,NA,NA,NA,NA
"262","Yemen, Rep.","YEM","Asia",1999,16921149,8377573,8543576,40.466,9.248,60.204,61.796,58.731,NA,9,4015596,NA,13894.263,7641102523.15082,11.460000038147,8.17000007629395,12.4799995422363,NA,NA,NA,NA
"263","Zambia","ZMB","Africa",1999,10140561,5110896,5029665,45.328,18.313,43.594,45.819,41.53,1.77495,7,4301609,68.00179,1807.831,3404311976.54941,NA,NA,NA,NA,NA,NA,NA
"264","Zimbabwe","ZWE","Africa",1999,11822719,6019335,5803384,31.717,15.913,45.461,47.892,43.283,NA,7,5358654,NA,15834.106,6858013100,6,4.63000011444092,7.28000020980835,NA,NA,NA,NA
